{
  "entrenamiento": {
    "MSE": 0.0907486627331116,
    "MAE": 0.08402948055771536,
    "RMSE": 0.301245187070452,
    "R2": 0.9539736605759989
  },
  "prueba": {
    "MSE": 0.2259885896729699,
    "MAE": 0.09316297676261648,
    "RMSE": 0.47538257190705874,
    "R2": 0.9462106613614487
  },
  "overfitting": {
    "diferencia_R2": 0.007762999214550148,
    "hay_overfitting": false
  }
}